{
  "deamstmaxbias": 282.21535149330487,
  "deamstvegaotmerr": 1.3837820732170023,
  "deamstmapputbdry": 130.0,
  "deamstmapcallbdry": 76.66666666666667,
  "deamstmapputeep": 2.7479193297948825,
  "deamstdepthbp": 1.1929941252772358,
  "deamstdepthbpscalar": 0.2957070366535475,
  "deamstrootbp": 0.24401921901284762,
  "depth_arrays": {
    "depths": [
      24,
      32,
      48,
      64,
      96,
      128,
      192,
      256,
      384,
      501,
      768,
      1024
    ],
    "root_bp": [
      20.69353878937308,
      9.982066217508745,
      2.5917792076979307,
      7.590850452277865,
      1.8052464716117322,
      3.6142834997082707,
      0.24401921901284762,
      0.7536377270700445,
      0.08098343609513892,
      0.22553715430390087,
      0.33266907585371985,
      0.3868547952967649
    ],
    "iv_bp": [
      0.27370054851816317,
      0.9734311602416224,
      6.9189480441886335,
      0.6651712133873278,
      1.8341089646736752,
      0.26722597434053474,
      1.1929941252772358,
      0.12987653848078873,
      0.22884939492345824,
      0.2957070366535475,
      0.0474530427438391,
      0.1083830294063004
    ]
  },
  "deamstdepthshift": 2.4193456773158317,
  "deamstdepthmax": 2.1072043891379177,
  "deamstalpha": 1.0368839829759111,
  "deamstescrowratio": 3.1901461597145984,
  "deamstcvxbefore": -1.5926005604192124,
  "deamstcvxaftermant": -1.6583244429942932,
  "deamstcvxafterexp": -17.0,
  "deamstcvxmove": 133.75064996439923,
  "deamstcvxcore": 0.0,
  "deamstcvxinband": "yes",
  "deamstrefagree": -16.0,
  "deamstrealmedianitm": 519.1250892787937,
  "deamstrealmaxbias": 814.1465909463396,
  "deamstrealnputs": 120.0,
  "deamstrealnitm": 54.0,
  "deamstliqmant": 2.7408692228065266,
  "deamstliqexp": -5.0,
  "deamstdepthrealmed": 1.8907860339606453,
  "deamstdepthrealmax": 8.418541252263045,
  "deamstseln": 109.0,
  "deamstselabsmedian": 4.178656388724722,
  "deamstselmax": 59.791725174936914,
  "deamstselputmedian": 9.985010784501203,
  "deamstselputmax": 59.791725174936914,
  "deamstselcallmedian": -2.0773656588297937,
  "deamstselcallmax": 1.8756851233342475,
  "deamstgencommit": "5b5b97f",
  "deamstgendate": "2026-07-18",
  "deamstscalarsteps": 501.0
}