{
  "max_bias_bp": 281.9118599320161,
  "numpy_ms": 11.484100017696619,
  "numba_ms": 0.026900088414549828,
  "speedup": 426.91681308694336,
  "n": 300
}