{
  "max_bias_bp": 281.9118599320161,
  "numpy_ms": 998.8592999998218,
  "numba_ms": 11.561600000277394,
  "speedup": 86.39455611471219,
  "n": 300,
  "worked_example": {
    "strike": 90.0,
    "american": 11.785560952763348,
    "european": 11.272506298757932,
    "eep": 0.5130546540054155,
    "naive_iv_pct": 27.185705140374456,
    "recovered_iv_pct": 25.000000217149136,
    "naive_bias_bp": 218.57051403744555
  },
  "benchmark_env": {
    "cpu": "Intel64 Family 6 Model 154 Stepping 3, GenuineIntel",
    "logical_cores": 20,
    "numba_threads": 20,
    "reps": 5,
    "warmup": "one untimed call per path (JIT compile excluded)",
    "path": "public deamericanize_batch dispatch, NumPy leg via NUMBA_AVAILABLE=False",
    "n_finite": 206,
    "max_sigma_diff": 0.0
  }
}