{
  "max_bias_bp": 281.9118599320161,
  "numpy_ms": 12.497799936681986,
  "numba_ms": 0.057399971410632133,
  "speedup": 217.7318146602253,
  "n": 300
}