{
  "fwdinfFerrbp": 0.023185770349892713,
  "fwdinfraterrbp": 0.5019141246602465,
  "fwdinfrms": 0.4803664015097228,
  "fwdinfnpairs": 20.0,
  "fwdinfmcratesd": 11.823215464453689,
  "fwdinfmcratepred": 11.159780085981064,
  "fwdinfmcfwdsd": 0.6408958078374415,
  "fwdinfmcfwdpred": 0.6356344358420385,
  "fwdinfmcn": 400.0,
  "fwdinflevernaive": 50.13817635175143,
  "fwdinfleverunif": 3.2179742725233904,
  "fwdinfleverkern": 0.7695982013879449,
  "fwdinfleverkbar": 95.0,
  "fwdinftrimrawbp": 8.010024976955652,
  "fwdinftrimrawrate": 5.797028776765092,
  "fwdinftrimbp": 2.7997414701491237e-12,
  "fwdinftrimnout": 1.0,
  "fwdinfmaskrate": 8.085344871807733,
  "fwdinfmaskbp": 12.298065430634038,
  "fwdinfmasknout": 0.0,
  "fwdinfzcn": 7.0,
  "fwdinfzcminrate": -30.80898107493625,
  "fwdinfzcmaxrate": -0.5865624752708907,
  "fwdinfzcmedrms": 21.247788798929225,
  "fwdinfzcmaxfdev": 1.2700691072473624,
  "fwdinfdiveq": 2.5863062185314494,
  "fwdinfdebrawbp": 45.620833362383664,
  "fwdinfdebbp": 0.3914489262199326,
  "fwdinfdebrawgap": 116.22349901760386,
  "fwdinfdebgap": 0.7108168658071998,
  "fwdinfdebrawrate": -1.094095016730253,
  "fwdinfdebrate": 4.73604779890667,
  "fwdinfbsensq": 62.45291947084136,
  "fwdinfbsensy": 125.86135864803063,
  "fwdinfbfloory": 3.1357038983182246,
  "fwdinfbfloorq": 12.735452692828286,
  "fwdinfbfloorwy": 15.678519491591125,
  "fwdinfrefagree": -16.0,
  "fwdinfrefclrate": -5.000000000000006,
  "fwdinfrefclrateeq": 0.0,
  "fwdinfrefclfbp": 0.30236945640230195,
  "fwdinfrefrawrate": -6.889420867210612,
  "fwdinfgencommit": "86eba4c",
  "fwdinfgendate": "2026-07-18"
}