{
  "ktrgainlevel": 0.8,
  "ktrgainskew": 0.7191011235955055,
  "ktrgaincurv": 0.027027027027027032,
  "ktrpostlevel": 20.32,
  "ktrpostcurv": 0.11216216216216217,
  "ktrcontrarho": 25.0,
  "ktrcontragainclean": 0.7270280218158331,
  "ktrcontragainkink": 0.20159680638722555,
  "ktrcontragainatm": 0.7369060102668994,
  "ktrunitslope": 0.9729151735080569,
  "ktrclampsparse": 0.0,
  "ktrclampnoreg": 2.0,
  "ktrmoveintra": 14.019921737212643,
  "ktrmoveovernight": 51.501283149824395,
  "ktrmoveweekend": 37.060010936566385,
  "ktrcalbestq": 120.0,
  "ktrzcalintra": 1.0425138109225471,
  "ktrzsesintra": 0.9463460466330977,
  "ktrzcalovernight": 0.5268390972053522,
  "ktrzsesovernight": 0.8869683363888275,
  "ktrzcalweekend": 0.23474709424027604,
  "ktrzsesweekend": 0.8392607230762305,
  "ktroffdiagdrag": 20.182283128975243,
  "ktrzstdspiketen": 5.162,
  "ktrzstdspikethirty": 1.755,
  "ktrerrpostspike": 10.5,
  "ktrerrmeasspike": 6.7,
  "ktrerrpredspike": 47.0,
  "ktrwinspike": 0.381,
  "ktrcontrajacspike": 15.8,
  "ktrcontrafacspike": 45.900000000000006,
  "ktrshockjacspike": 38.6,
  "ktrshockfacspike": 18.7,
  "ktrzstdhighten": 1.428,
  "ktrzstdhighthirty": 0.818,
  "ktrerrposthigh": 9.200000000000001,
  "ktrerrmeashigh": 7.699999999999999,
  "ktrerrpredhigh": 31.3,
  "ktrwinhigh": 0.488,
  "ktrcontrajachigh": 10.5,
  "ktrcontrafachigh": 29.7,
  "ktrshockjachigh": 78.60000000000001,
  "ktrshockfachigh": 20.2,
  "ktrzstdlowten": 1.32,
  "ktrzstdlowthirty": 1.051,
  "ktrerrpostlow": 5.3,
  "ktrerrmeaslow": 4.0,
  "ktrerrpredlow": 22.200000000000003,
  "ktrwinlow": 0.493,
  "ktrcontrajaclow": 6.3,
  "ktrcontrafaclow": 21.7,
  "ktrshockjaclow": 11.6,
  "ktrshockfaclow": 11.9,
  "ktrstepstotal": "38\\,181",
  "ktrshockimprovemin": 3.100508905852417,
  "ktrshockimprovemax": 6.579831932773109,
  "ktractthinspike": 6.5,
  "ktractcontraspike": 9.1,
  "ktrovlcontraspike": 12.1,
  "ktrrawcontraspike": 7.9,
  "ktrovlshockspike": 4.6000000000000005,
  "ktractshockspike": 19.5,
  "ktractthinhigh": 4.8,
  "ktractcontrahigh": 5.6,
  "ktrovlcontrahigh": 10.6,
  "ktrrawcontrahigh": 9.799999999999999,
  "ktrovlshockhigh": 7.9,
  "ktractshockhigh": 25.2,
  "ktractthinlow": 3.4000000000000004,
  "ktractcontralow": 4.5,
  "ktrovlcontralow": 6.3,
  "ktrrawcontralow": 5.4,
  "ktrovlshocklow": 4.8999999999999995,
  "ktractshocklow": 6.4,
  "ktrstepsvtwo": "39\\,190",
  "ktractzetamin": 0.407,
  "ktractzetamax": 1.36,
  "ktrrefagree": 0.0,
  "ktrblowupminpts": "3",
  "ktrblowupmaxpts": "28",
  "ktreempost": "4.5",
  "ktreemmeas": "8.1",
  "ktreemzeta": "0.14",
  "ktrefazeta": "0.26",
  "ktrsglshockwinbefore": "0.42",
  "ktrsglshockwinafter": "1.00",
  "ktrsglzetabefore": "3.8",
  "ktrsglzetaafter": "0.8",
  "ktrgencommit": "ccdf6ed",
  "ktrgendate": "2026-07-19"
}