{
  "svi": {
    "A_L": 0.21445845220518753,
    "A_R": 0.06902302471694398,
    "mu": 0.020612944823843942,
    "beta_L": 0.09707279417173353,
    "beta_R": 0.035756556202024115,
    "max_iv_err_bp": 0.2348016717212964,
    "nfev": 7,
    "coeffs": [
      -1.874791097827179,
      -3.08957252435026,
      0.380768526968009,
      -0.04700855492207968,
      -0.007196174652559148,
      0.006455783215006693,
      0.0021322618301294087
    ]
  },
  "doublehat": {
    "max_iv_err_bp": 13.187199237963409,
    "A_L": 0.015341399025456063,
    "A_R": 0.014979172798225436,
    "coeffs": [
      -2.958743712927874,
      -2.959727614485604,
      -1.140337886783722,
      -0.0005514208739579667,
      0.4689107954732793,
      0.0012445481620111834,
      -0.5608796643382499,
      -0.007274391328668487,
      0.38849553113473223,
      -0.0033820927716718503,
      -0.3655303398869185,
      0.021418524416571966,
      -0.02057017633918619
    ]
  },
  "timing": [
    {
      "n_order": 6,
      "p": 7,
      "t_analytic_ms": 16.563299810513854,
      "t_fd_ms": 22.166699869558215,
      "speedup": 1.3383021573688778,
      "cost_analytic": 2.4038886516323707e-09,
      "cost_fd": 2.4038886516880002e-09,
      "nfev_analytic": 7,
      "nfev_fd": 8
    },
    {
      "n_order": 8,
      "p": 9,
      "t_analytic_ms": 19.539599772542715,
      "t_fd_ms": 28.695200104266405,
      "speedup": 1.4685664209248162,
      "cost_analytic": 1.5231345516691887e-09,
      "cost_fd": 1.523134551807989e-09,
      "nfev_analytic": 11,
      "nfev_fd": 7
    },
    {
      "n_order": 10,
      "p": 11,
      "t_analytic_ms": 22.690300131216645,
      "t_fd_ms": 36.298600025475025,
      "speedup": 1.5997408503000135,
      "cost_analytic": 1.4685914541695687e-09,
      "cost_fd": 1.4685914542586414e-09,
      "nfev_analytic": 8,
      "nfev_fd": 8
    },
    {
      "n_order": 12,
      "p": 13,
      "t_analytic_ms": 21.604999899864197,
      "t_fd_ms": 36.923399893566966,
      "speedup": 1.7090210629345597,
      "cost_analytic": 1.428325721916418e-09,
      "cost_fd": 1.4283257218967369e-09,
      "nfev_analytic": 7,
      "nfev_fd": 7
    }
  ]
}