{
 "timing": [
  {
   "n_order": 6,
   "p": 7,
   "a_med": 23.93290000327397,
   "a_iqr": 2.1320500018191524,
   "f_med": 39.232700000866316,
   "f_iqr": 12.891749996924773,
   "nfev_a": 8,
   "nfev_f": 15,
   "dcost": 2.63149684487184e-16
  },
  {
   "n_order": 8,
   "p": 9,
   "a_med": 27.984999993350357,
   "a_iqr": 7.238000005600043,
   "f_med": 40.435200004139915,
   "f_iqr": 13.48110000253655,
   "nfev_a": 8,
   "nfev_f": 9,
   "dcost": 7.109328844295614e-17
  },
  {
   "n_order": 10,
   "p": 11,
   "a_med": 30.073000001721084,
   "a_iqr": 2.5271999984397553,
   "f_med": 47.49199999787379,
   "f_iqr": 16.99430000007851,
   "nfev_a": 8,
   "nfev_f": 9,
   "dcost": 8.662668817296284e-18
  },
  {
   "n_order": 12,
   "p": 13,
   "a_med": 40.92790000140667,
   "a_iqr": 21.756049995019566,
   "f_med": 80.48460001009516,
   "f_iqr": 55.15640000521671,
   "nfev_a": 7,
   "nfev_f": 8,
   "dcost": 1.3169780760473169e-17
  }
 ],
 "equiv": {
  "dtheta": 2.639586074715261e-08,
  "derr_bp": 4.220550298139614e-06,
  "dar_rel": 1.567978909975214e-08,
  "nfev": {
   "lr": 8,
   "endpoint": 8,
   "logistic": 12
  }
 },
 "cert": {
  "bounds": 2.5125144187398973e-09,
  "butterfly": 3.015365734881925e-13,
  "digital": 3.721023489333675e-12,
  "vs_fine": 2.8977764632287517e-09
 }
}