{
  "svi": {
    "A_L": 0.21445845220518753,
    "A_R": 0.06902302471694398,
    "mu": 0.020612944823843942,
    "beta_L": 0.09707279417173487,
    "beta_R": 0.03575655620202345,
    "max_iv_err_bp": 0.2348016717212964,
    "nfev": 7,
    "coeffs": [
      -1.874791097827179,
      -3.08957252435026,
      0.380768526968009,
      -0.04700855492207968,
      -0.007196174652559148,
      0.006455783215006693,
      0.0021322618301294087
    ]
  },
  "doublehat": {
    "max_iv_err_bp": 13.187199237963409,
    "A_L": 0.015341399025456063,
    "A_R": 0.014979172798225436,
    "coeffs": [
      -2.958743712927874,
      -2.959727614485604,
      -1.140337886783722,
      -0.0005514208739579667,
      0.4689107954732793,
      0.0012445481620111834,
      -0.5608796643382499,
      -0.007274391328668487,
      0.38849553113473223,
      -0.0033820927716718503,
      -0.3655303398869185,
      0.021418524416571966,
      -0.02057017633918619
    ]
  },
  "timing": [
    {
      "n_order": 6,
      "p": 7,
      "t_analytic_ms": 15.525100003287662,
      "t_fd_ms": 24.658399997861125,
      "speedup": 1.5882925064984674,
      "cost_analytic": 2.4038886516323707e-09,
      "cost_fd": 2.4038886516880002e-09,
      "nfev_analytic": 7,
      "nfev_fd": 8
    },
    {
      "n_order": 8,
      "p": 9,
      "t_analytic_ms": 18.43360000202665,
      "t_fd_ms": 24.946300000010524,
      "speedup": 1.3533059194768164,
      "cost_analytic": 1.5231345516691887e-09,
      "cost_fd": 1.523134551807989e-09,
      "nfev_analytic": 11,
      "nfev_fd": 7
    },
    {
      "n_order": 10,
      "p": 11,
      "t_analytic_ms": 25.649600000178907,
      "t_fd_ms": 68.81670000439044,
      "speedup": 2.6829541202946805,
      "cost_analytic": 1.4685914541695687e-09,
      "cost_fd": 1.4685914542586414e-09,
      "nfev_analytic": 8,
      "nfev_fd": 8
    },
    {
      "n_order": 12,
      "p": 13,
      "t_analytic_ms": 30.740599999262486,
      "t_fd_ms": 47.57019999669865,
      "speedup": 1.5474714220880506,
      "cost_analytic": 1.428325721916418e-09,
      "cost_fd": 1.4283257218967369e-09,
      "nfev_analytic": 7,
      "nfev_fd": 7
    }
  ]
}