{
  "pflnfits": 8.0,
  "pflspreadatmbp": 0.8408059216616692,
  "pflspreadwing": 2.5918433793201636,
  "pflnthin": 30.0,
  "pflnout": 71.0,
  "pflkptwofive": -0.09927837746717053,
  "pflkctwofivereal": 0.06154383952560995,
  "pflkptwofivereal": -0.076885543810939,
  "pflopwingerr": 0.008724328351828348,
  "pflsgwingerr": 0.6796928043469528,
  "pflsgoldgap": 3.320307195653047,
  "pflopwingerrdeep": 0.3308538260926781,
  "pflsgwingerrdeep": 3.7326340906466164,
  "pflatmopgap": 1.567424516579763e-05,
  "pflatmfacgap": 1.4521029534364516e-06,
  "pfljump": 4.0,
  "pflunmet": 47.97732487242454,
  "pflnsparse": 5.0,
  "pflgapdenseatm": 0.0,
  "pflgapsparseatm": 0.0,
  "pflgapdenserr": 0.0,
  "pflgapsparserr": 0.0,
  "pflgapdensebf": 0.0,
  "pflgapsparsebf": 0.0,
  "pflgapdensevs": 0.0,
  "pflgapsparsevs": 0.5665262343425832,
  "pfltaildeltas": "2/5/10",
  "pflbtnodes": 1116.0,
  "pflhybimpr": 32.38,
  "pflhybwin": 65.9,
  "pflsgimpr": 28.23,
  "pflsgwin": 63.0,
  "pflopwin": 29.7,
  "pflfacwin": 34.1,
  "pflspybandrms": 2.2762895771513714,
  "pflspywingmo": 90.32621773957071,
  "pflspywinghy": 42.21906429830798,
  "pflrefagree": 0.0,
  "pflgencommit": "652da29",
  "pflgendate": "2026-07-19"
}