{
  "max_err_bp": 2.430194298830013,
  "wing": [
    -0.007360129958967813,
    0.007244884347124454
  ],
  "speedup": 2.8655916431212414,
  "cores": 2,
  "target_g_min": 0.38053505506238516,
  "fit_g_min": 0.3825587612117944
}