{
  "max_err_bp": 8.053594023634258,
  "wing": [
    -0.013518423191465363,
    0.013876415468797965
  ],
  "speedup": 2.310673085024159,
  "cores": 2
}