{
  "max_err_bp": 2.5476405656449375,
  "wing": [
    -0.01727012555686195,
    0.017270289924180275
  ],
  "speedup": 3.379383213276314,
  "cores": 2,
  "target_g_min_wide": 0.25276107175175827,
  "fit_g_min_wide": 0.27806770026606814,
  "target_beta": 0.055,
  "tail_g": 0.2498109375
}