{
  "smdskew": -0.3542728664531189,
  "smdmove": -5.0,
  "smddeltagap": 19.710072227915877,
  "smdwinggapbp": 111.45389335743872,
  "smdssrshort": 2.0864952100455874,
  "smdssrlong": 2.0020679334295894,
  "smdrefagree": 0.0,
  "smdgencommit": "40b3fa9",
  "smdgendate": "2026-07-19"
}