{
  "raw": {
    "a": 0.010624999999999973,
    "b": 0.07288689870000006,
    "rho": -0.49999999999999933,
    "m": 0.058309518900000024,
    "sigma": 0.10099504940000027
  },
  "jw": {
    "v": 0.042499999999212716,
    "psi": -0.2499999999587158,
    "p": 0.750000000155469,
    "c": 0.25000000005182343,
    "v_tilde": 0.03400000000459265,
    "w0": 0.021249999999606358
  },
  "timing": {
    "t_analytic_ms": 1.135899918153882,
    "t_fd_ms": 2.738799899816513,
    "speedup": 2.4111278256518758,
    "cost_analytic": 4.622231866529366e-33,
    "cost_fd": 4.237045877651919e-33,
    "nfev_analytic": 21,
    "nfev_fd": 20
  },
  "max_err_bp": 5.551115123125783e-13
}