{
  "raw": {
    "a": 0.01062500000000002,
    "b": 0.07288689868556622,
    "rho": -0.5000000000000004,
    "m": 0.05830951894845296,
    "sigma": 0.10099504938362062
  },
  "jw": {
    "v": 0.04250000000000001,
    "psi": -0.25,
    "p": 0.7499999999999998,
    "c": 0.2499999999999996,
    "v_tilde": 0.03400000000000001,
    "w0": 0.021250000000000005
  },
  "timing": {
    "t_analytic_ms": 1.1121999996248633,
    "t_fd_ms": 2.7771000168286264,
    "speedup": 2.496943011837189,
    "cost_analytic": 3.851859888774472e-33,
    "cost_fd": 1.1555579666323415e-33,
    "nfev_analytic": 21,
    "nfev_fd": 22
  },
  "max_err_bp": 5.551115123125783e-13
}