{
  "closed_pct": 24.47359949051256,
  "repl_pct": 24.48891726093387,
  "agree_bp": 1.5317770421310883,
  "target_pct": 25.973599490512562,
  "pulled_pct": 25.905206250715914
}