{
  "vsrclosed": 24.47359949051256,
  "vsrrepl": 24.48891726093387,
  "vsragreebp": 1.5317770421310883,
  "vsrlvvol": 24.173242509481423,
  "vsrlvgapbp": 30.035698103113575,
  "vsrwingsharepct": 12.756645054675264,
  "vsratmsharepct": 48.04234886307595,
  "vsrtruncsixbp": 0.006808941307168137,
  "vsrtruncplateau": 2.25,
  "vsrprodeightbp": 2.722490218757534,
  "vsrreplfinebp": 0.06128867633653501,
  "vsrlvbellybp": 12.596230369503747,
  "vsrlvwingpts": 3.594452651855584,
  "vsrbasefitbp": 0.228927424019143,
  "vsrtarget": 25.973599490512562,
  "vsrpulled": 25.746295903206857,
  "vsrpullsharepct": 84.84642751295301,
  "vsrpullfitbp": 52.453836151041266,
  "vsrsensabs": 1.1938992156013128e-10,
  "vsrsensrel": 1.6914638053396766e-06,
  "vsrsenslive": 19.0,
  "vsrsenstotal": 21.0,
  "vsrlvagreebp": 0.7812370166913017,
  "vsrheroagreebp": 0.0,
  "vsrherospreadbp": 716.6675971269723,
  "vsrheronodes": 6.0,
  "vsrrefagree": -17.0,
  "vsrhalfwidth": 6.0,
  "vsrpoints": 801.0,
  "vsrgencommit": "b20cadd",
  "vsrgendate": "2026-07-18"
}