{
  "betas_analytic": {
    "LQD": [
      0.09707054609336474,
      0.035755748565752254
    ],
    "SVI": [
      0.10933034802834939,
      0.03644344934278311
    ],
    "MC-SIV": [
      0.10566975308231441,
      0.02968972697962686
    ]
  }
}