{
  "betas_analytic": {
    "LQD": [
      0.09707054611124732,
      0.03575574857163133
    ],
    "SVI": [
      0.10933034805000012,
      0.036443449350000094
    ],
    "MC-SIV": [
      0.10566975310207363,
      0.029689726986289
    ]
  }
}