{
  "wlqherobetaL": 0.4216941420109608,
  "wlqherobetaR": 0.054494703240645315,
  "wlqheroqstar": 0.7384052602329514,
  "wlqheroextrapshare": 48.48524109045934,
  "wlqbetaLQDL": 0.09707054609336474,
  "wlqbetaLQDR": 0.035755748565752254,
  "wlqbetaSVIL": 0.10933034802834939,
  "wlqbetaSVIR": 0.03644344934278311,
  "wlqbetaMCSL": 0.10566975308231441,
  "wlqbetaMCSR": 0.02968972697962686,
  "wlqsvicap": 0.10933034802834939,
  "wlqhatslopediff": 1e-17,
  "wlqhatgdent": -2.03447433165862,
  "wlqhatzmin": -2.7787979966611016,
  "wlqhatbasegmin": 0.14246585007528118,
  "wlqarbgraw": -8.782695235375211,
  "wlqarbgfixed": -0.027040728824903465,
  "wlqbyteid": 1.2649603586822877e-13,
  "wlqphantominside": 0.0,
  "wlqphantomwide": 141.9608916604201,
  "wlqlvswingbp": 283.9705320480179,
  "wlqnaivepsi": -6.0,
  "wlqstablepsi": 0.0,
  "wlqrefagree": 1e-17,
  "wlqgencommit": "f8562c1",
  "wlqgendate": "2026-07-18"
}